species,island,culmen_length_mm,culmen_depth_mm,flipper_length_mm,body_mass_g,sex
Adelie,Dream,37.386080045846946,19.808183954099313,183.0,3479.0,MALE
Chinstrap,Torgersen,55.14218730404292,18.647767288898812,184.0,3400.0,MALE
Chinstrap,Dream,46.42828592364241,17.957736059072047,203.0,3822.0,MALE
Chinstrap,Dream,57.20601053165283,14.078365928068873,221.0,4239.0,MALE
Gentoo,Biscoe,53.42800274188184,16.02678603854852,,4356.0,FEMALE
Gentoo,Torgersen,47.78178443899432,21.048300898238356,197.0,5754.0,MALE
Chinstrap,Dream,57.92772305992281,13.766181258283725,230.0,,FEMALE
Chinstrap,Biscoe,39.392054998358525,15.502435471145567,230.0,3896.0,
Gentoo,Biscoe,43.75532081195949,13.806156397817809,203.0,4816.0,
Adelie,Torgersen,59.02715030425067,21.22840936562621,177.0,,FEMALE
Gentoo,Dream,55.34865521714359,18.52487185913757,213.0,3940.0,MALE
Adelie,Biscoe,41.043944426748915,21.037770485462868,177.0,4402.0,MALE
Adelie,Dream,,16.598876555080793,220.0,6038.0,MALE
Gentoo,Torgersen,37.98752703604959,18.03390586245383,190.0,4221.0,
Gentoo,Biscoe,,19.403818693203267,218.0,4971.0,.
Adelie,Dream,41.38923078071618,19.322870826434546,200.0,2760.0,.
Gentoo,Dream,46.70025737042858,17.11724512506716,216.0,4648.0,.
Chinstrap,Torgersen,36.569446219373354,15.5999688193554,191.0,5106.0,MALE
Chinstrap,Dream,49.85090110195633,20.812541091310234,219.0,5539.0,MALE
Adelie,Biscoe,52.70133002955178,15.882799491459416,204.0,5943.0,
Adelie,Torgersen,48.339048699495315,19.115661021231418,215.0,3485.0,
Adelie,Biscoe,58.09047818185443,19.72876986018968,195.0,4586.0,MALE
Gentoo,Biscoe,47.65145290781408,15.03229525864886,191.0,4302.0,FEMALE
Gentoo,Dream,50.97851865385768,16.87473782965105,188.0,,MALE
Gentoo,Biscoe,59.46090264595599,16.88042537310051,185.0,3190.0,FEMALE
Gentoo,Biscoe,34.415477906383735,16.099118671706417,182.0,4812.0,MALE
Chinstrap,Biscoe,47.87419623374748,14.798312580478141,177.0,4255.0,FEMALE
Adelie,Dream,51.48846416109401,14.83285609650139,199.0,5202.0,
Gentoo,Dream,43.696986273748955,18.95034182476933,189.0,3370.0,MALE
Gentoo,Biscoe,32.939969588485226,14.338415485792476,222.0,2814.0,FEMALE
Gentoo,Torgersen,49.85539019820211,17.92177326457322,194.0,3406.0,FEMALE
Adelie,Biscoe,38.92908375568479,18.957609545729817,190.0,3738.0,MALE
Chinstrap,Biscoe,46.50588844275999,13.443722796279127,187.0,5943.0,FEMALE
Chinstrap,Biscoe,49.789801150686,21.407019448341366,214.0,4296.0,MALE
Adelie,Torgersen,33.833176926788944,21.39385841933734,193.0,5074.0,.
Gentoo,Biscoe,53.831913262142905,19.05881492577123,192.0,4815.0,MALE
Gentoo,Torgersen,47.97946154277394,15.850528449663168,219.0,5474.0,MALE
Chinstrap,Torgersen,33.49430733772553,21.258029276855712,192.0,4211.0,MALE
Gentoo,Biscoe,45.46459394380544,14.758910979991112,204.0,,
Gentoo,Biscoe,43.64838237055837,,199.0,5248.0,MALE
Adelie,Dream,40.109161843578825,18.633010085988065,184.0,3497.0,FEMALE
Gentoo,Biscoe,44.018710651693794,14.431340714295063,210.0,4500.0,FEMALE
Adelie,Biscoe,48.60157137655734,16.316721936527966,214.0,5549.0,MALE
Gentoo,Biscoe,,17.786108751620862,192.0,2833.0,.
Chinstrap,Biscoe,36.90366956638982,19.44622254263978,184.0,3896.0,MALE
Adelie,Torgersen,58.04295381630258,17.5116477428786,190.0,,MALE
Adelie,Dream,36.56037745571981,17.214597607912403,184.0,3279.0,FEMALE
Adelie,Torgersen,57.29715599877766,17.134119182091755,186.0,5771.0,FEMALE
Chinstrap,Biscoe,45.6718979441494,13.836996668596177,216.0,4848.0,FEMALE
Chinstrap,Dream,48.86271725081579,18.251618583282735,174.0,3584.0,FEMALE
Gentoo,Biscoe,46.630327268353426,15.319684389872304,217.0,5040.0,MALE
Gentoo,Biscoe,50.303096901845926,14.54005552952724,177.0,4844.0,FEMALE
Adelie,Biscoe,49.93036784414895,15.196156111391598,185.0,3375.0,
Adelie,Biscoe,38.704371770259826,17.181525667740296,230.0,5958.0,.
Chinstrap,Torgersen,40.96595816072391,16.017426662060917,211.0,2908.0,FEMALE
Chinstrap,Torgersen,43.21061300050974,17.52590559140929,182.0,3632.0,FEMALE
Chinstrap,Torgersen,43.54007508142475,20.052915137659987,177.0,5806.0,MALE
Gentoo,Biscoe,50.67341838346579,16.455837940899663,192.0,3403.0,FEMALE
Adelie,Dream,54.007646508312,14.859795075776729,207.0,4576.0,FEMALE
Adelie,Torgersen,55.62495453815527,21.408687983612065,224.0,2977.0,FEMALE
Chinstrap,Torgersen,58.98299246337451,18.052435806092003,190.0,3676.0,FEMALE
Adelie,Biscoe,53.696521938566974,20.594791483599614,182.0,4764.0,.
Gentoo,Biscoe,53.477731253076584,15.935022137871112,188.0,4545.0,MALE
Adelie,Dream,33.21989193702559,16.945239867639188,173.0,3297.0,FEMALE
Gentoo,Biscoe,47.9678899595842,13.797673605491102,198.0,3825.0,FEMALE
Chinstrap,Dream,52.67527800071398,18.107955337526217,199.0,3471.0,FEMALE
Adelie,Biscoe,50.8043802384469,16.276579764048314,220.0,5509.0,MALE
Adelie,Dream,32.90797346324123,17.87159543435972,208.0,2704.0,.
Gentoo,Biscoe,46.46185991112883,15.1787984624153,224.0,5569.0,MALE
Chinstrap,Dream,35.66989443467677,15.435871433192643,192.0,3692.0,.
Adelie,Biscoe,38.12923907571241,17.892887285704905,191.0,3510.0,
Gentoo,Biscoe,46.64152014447672,14.197936069185737,200.0,4576.0,FEMALE
Chinstrap,Dream,50.37420306580379,18.89773250698521,228.0,5172.0,
Gentoo,Biscoe,47.48541307676224,14.455886878057733,213.0,5897.0,MALE
Adelie,Dream,41.98175310135139,20.246590658069653,204.0,3730.0,MALE
Chinstrap,Biscoe,32.942563122319335,19.202219856770718,175.0,6294.0,.
Gentoo,Biscoe,45.37790665986074,15.17537011643184,192.0,2775.0,FEMALE
Gentoo,Biscoe,49.2552301140129,14.64570834429334,207.0,4335.0,FEMALE
Gentoo,Biscoe,45.973508496643944,18.404981360054606,174.0,3384.0,FEMALE
Adelie,Biscoe,38.641705392703855,17.14368236194579,187.0,3368.0,FEMALE
Chinstrap,Torgersen,33.30555925988131,14.56873567914992,194.0,4685.0,FEMALE
Gentoo,Biscoe,52.61964889692614,,179.0,6029.0,FEMALE
Gentoo,Biscoe,42.88338280681775,13.406986093288722,211.0,5006.0,.
Adelie,Torgersen,53.959988041867085,18.664661664814165,216.0,4671.0,MALE
Chinstrap,Dream,49.869238354752746,19.774536790860246,213.0,4203.0,MALE
Chinstrap,Dream,46.59332489680358,16.995278515202994,197.0,3505.0,FEMALE
Chinstrap,Biscoe,56.01303206907261,16.016876905548507,215.0,6020.0,MALE
Adelie,Dream,59.19476467479981,13.489128618213478,223.0,3014.0,.
Adelie,Dream,36.60399691680418,18.592728300099964,184.0,3547.0,MALE
Chinstrap,Dream,48.34098947419834,18.32823547452262,175.0,5485.0,
Gentoo,Biscoe,48.39304320213125,14.672495239673575,218.0,4893.0,FEMALE
Gentoo,Dream,48.45567858021168,20.42885471003339,220.0,,MALE
Adelie,Torgersen,57.660976627355346,17.093737590431296,204.0,2986.0,FEMALE
Gentoo,Biscoe,44.40592670069417,14.69886605382212,215.0,5764.0,MALE
Chinstrap,Biscoe,43.89708063977521,14.656096707598694,208.0,4384.0,FEMALE
Gentoo,Torgersen,39.59452427161784,15.182361773543635,175.0,4735.0,FEMALE
Gentoo,Biscoe,50.88283739560578,16.949084117598893,196.0,3432.0,MALE
Gentoo,Torgersen,40.34485452911117,20.627894900198257,213.0,3798.0,.
Adelie,Torgersen,33.36079417467775,,217.0,4462.0,MALE
Chinstrap,Dream,44.19082199067906,19.789754226053013,208.0,4402.0,.
Gentoo,Biscoe,45.96326285877039,15.466594554229019,220.0,5243.0,MALE
Chinstrap,Dream,46.69257676943098,18.114964147464768,186.0,3228.0,FEMALE
Gentoo,Torgersen,56.14386077770761,16.146127946701878,180.0,5457.0,MALE
Adelie,Biscoe,41.216452593065775,18.930350659029532,176.0,4399.0,
Chinstrap,Dream,55.26198166654834,19.30486130304328,,3725.0,FEMALE
Gentoo,Torgersen,37.93417398033505,16.296069379878492,226.0,5788.0,MALE
Gentoo,Dream,59.230797678587415,20.278064282752187,201.0,5541.0,MALE
Adelie,Dream,43.261059653161716,18.152656428567006,227.0,3932.0,MALE
Chinstrap,Biscoe,47.52813323819326,17.72460718810753,189.0,5308.0,FEMALE
Adelie,Biscoe,52.44255158610204,17.405234384128235,,4988.0,
Adelie,Torgersen,53.182237205177024,16.36018801217614,192.0,3010.0,FEMALE
Adelie,Dream,38.721880507733786,18.30238251360474,201.0,4499.0,MALE
Adelie,Biscoe,44.613335340297134,14.265687624565189,184.0,5360.0,MALE
Adelie,Dream,46.05124292225442,16.7227698461912,192.0,2765.0,FEMALE
Adelie,Dream,44.059297130262955,18.723489997631177,222.0,3692.0,MALE
Gentoo,Torgersen,44.53719684331522,13.889661584090222,210.0,4211.0,FEMALE
Adelie,Biscoe,38.38906580058511,18.996135240530442,194.0,3516.0,
Adelie,Dream,42.976272020211184,20.435431455887297,209.0,3761.0,MALE
Chinstrap,Biscoe,39.7095222063585,18.908537982544985,184.0,4337.0,
Chinstrap,Dream,48.1608100572731,19.453261662848696,207.0,4481.0,MALE
Chinstrap,Torgersen,48.636708092660534,18.85840477583488,188.0,3871.0,MALE
Chinstrap,Dream,45.34812487612825,,180.0,5606.0,MALE
Adelie,Biscoe,,15.337808653602318,227.0,3408.0,
Chinstrap,Dream,49.433715324412056,19.83020653700232,203.0,4715.0,MALE
Adelie,Biscoe,59.01693530354337,17.07896447097351,191.0,3605.0,FEMALE
Chinstrap,Dream,50.51291293781889,18.359110950357042,199.0,4045.0,MALE
Adelie,Biscoe,40.85894241796088,13.957466225283016,213.0,2803.0,.
Chinstrap,Dream,38.94821039463999,14.597686128491747,210.0,4689.0,FEMALE
Adelie,Dream,,15.345922211942293,180.0,5693.0,MALE
Gentoo,Biscoe,48.650039051715794,14.781887147047645,226.0,5501.0,FEMALE
Chinstrap,Biscoe,34.87975020105066,14.860124819884156,172.0,5501.0,MALE
Chinstrap,Torgersen,59.54641801032947,17.766540482357044,209.0,3435.0,FEMALE
Adelie,Dream,37.85433641942148,17.52706122098761,198.0,3664.0,FEMALE
Adelie,Dream,39.14535585108359,17.73811046847778,186.0,3624.0,FEMALE
Gentoo,Biscoe,50.26454270109414,17.689815679441192,188.0,,MALE
Gentoo,Torgersen,41.451026561737,15.554926028407317,219.0,5664.0,MALE
Gentoo,Biscoe,43.0133325931363,14.337025010367212,196.0,4207.0,MALE
Adelie,Biscoe,37.631326041544405,17.012216433770302,191.0,3479.0,MALE
Gentoo,Biscoe,50.560225893954374,14.740212303195994,221.0,5739.0,MALE
Gentoo,Torgersen,39.11456280163949,15.193411217458413,184.0,4252.0,FEMALE
Gentoo,Torgersen,48.95738984846515,15.521187202386113,187.0,3800.0,
Chinstrap,Torgersen,37.903640248059936,19.515534697701746,209.0,6238.0,FEMALE
Gentoo,Biscoe,46.73952286477357,14.641773507741805,213.0,4679.0,FEMALE
Adelie,Biscoe,35.33165420517023,18.810178524568272,187.0,3846.0,
Adelie,Torgersen,46.09793711460332,21.249765386909065,174.0,3379.0,MALE
Adelie,Biscoe,45.167500194663596,18.26856109868606,173.0,4078.0,MALE
Chinstrap,Dream,54.15414572224145,19.005136240038446,185.0,4226.0,.
Adelie,Biscoe,32.23876670663483,18.612660639397713,189.0,4393.0,
Chinstrap,Biscoe,48.58382332949344,16.93626158552215,194.0,5979.0,MALE
Adelie,Biscoe,37.87411421189221,20.02197500315481,213.0,6195.0,
Chinstrap,Dream,46.343013539303456,17.569595221585296,190.0,3648.0,FEMALE
Adelie,Torgersen,33.10594767105987,15.520908750026683,219.0,3328.0,
Adelie,Biscoe,42.87769902714095,16.89961977918833,208.0,3360.0,FEMALE
Gentoo,Dream,40.237912835243584,15.545979146497217,225.0,6280.0,MALE
Adelie,Torgersen,35.08295883338402,16.898257913782203,186.0,5786.0,FEMALE
Chinstrap,Torgersen,37.14988077491295,15.853077668624366,226.0,5186.0,MALE
Gentoo,Dream,40.30400474168438,15.932542096919365,216.0,5357.0,MALE
Adelie,Torgersen,,17.565112976153575,172.0,3353.0,MALE
Gentoo,Biscoe,55.55482004776144,17.278865043786862,229.0,3095.0,FEMALE
Adelie,Dream,39.90477745341165,18.284773308307393,207.0,4513.0,.
Chinstrap,Dream,56.63745881633972,18.386071009199767,228.0,4345.0,MALE
Adelie,Dream,42.19567974398306,21.11477560634841,227.0,4558.0,FEMALE
Chinstrap,Dream,57.19469509151703,20.055114566931568,205.0,4552.0,MALE
Gentoo,Dream,42.545588166020444,18.061585496452043,229.0,4286.0,
Gentoo,Torgersen,49.208181796336234,15.284673895806701,214.0,4922.0,
Adelie,Biscoe,51.59037679112073,,175.0,,
Gentoo,Biscoe,46.4984849457574,16.149605090154214,230.0,3629.0,.
Gentoo,Biscoe,49.16361991902914,14.65417036889227,211.0,5576.0,FEMALE
Adelie,Biscoe,42.507530016845884,18.246630426113146,198.0,4087.0,MALE
Adelie,Dream,56.17432517883612,14.88888309908899,214.0,4465.0,FEMALE
Chinstrap,Torgersen,46.278238251375285,19.792916420934507,219.0,3509.0,MALE
Adelie,Torgersen,58.71608356356161,13.519388072954108,220.0,4877.0,.
Chinstrap,Dream,49.75178411475735,17.365183340890724,219.0,3706.0,FEMALE
Adelie,Dream,35.19503241413044,17.678068202648358,177.0,5480.0,.
Gentoo,Dream,49.3708253009236,19.212145124108968,200.0,3837.0,MALE
Chinstrap,Biscoe,33.49209993839031,20.25621247981242,219.0,3256.0,FEMALE
Adelie,Dream,38.619664768939664,18.38591114039962,196.0,3477.0,FEMALE
Chinstrap,Torgersen,51.81188526240101,18.40945085328172,200.0,3289.0,
Gentoo,Dream,54.16283267865657,18.154194193454888,198.0,4024.0,MALE
Gentoo,Torgersen,51.73621435080023,16.358230607306613,223.0,3728.0,.
Gentoo,Biscoe,53.05517931076124,14.283476059419158,226.0,4521.0,FEMALE
Adelie,Torgersen,56.78555284226322,18.590090161718525,191.0,4208.0,MALE
Gentoo,Torgersen,50.459310147083826,17.572327974827793,196.0,4817.0,MALE
Adelie,Torgersen,32.49583213292755,15.391749941979162,209.0,4376.0,FEMALE
Adelie,Biscoe,53.218901646223905,20.34026294068361,205.0,6274.0,
Chinstrap,Torgersen,44.4019955240296,15.812641560281444,208.0,5376.0,MALE
Chinstrap,Dream,50.84640329684272,19.046943678095957,188.0,3814.0,MALE
Gentoo,Dream,54.95398066272567,18.280139680827567,221.0,4077.0,MALE
Chinstrap,Torgersen,49.58397660666451,15.475187065874398,187.0,2995.0,MALE
Chinstrap,Biscoe,36.7585236985547,13.300123933583787,226.0,5611.0,FEMALE
Adelie,Dream,35.419824733881214,13.333486439764567,188.0,5140.0,FEMALE
Adelie,Dream,52.2448951856121,14.168245973397902,220.0,4946.0,FEMALE
Adelie,Dream,58.22709580505299,18.48464958084689,227.0,5443.0,FEMALE
Gentoo,Biscoe,,17.864220775224517,188.0,3008.0,
Chinstrap,Biscoe,57.11442561921143,20.161444078128365,181.0,3401.0,MALE
Gentoo,Torgersen,33.93480232466094,,217.0,3941.0,MALE
Chinstrap,Dream,42.0541969452557,17.75359457659477,192.0,3259.0,FEMALE
Chinstrap,Dream,48.10142417655279,19.579647879266492,177.0,3488.0,FEMALE
Chinstrap,Biscoe,44.99564109669426,,188.0,4876.0,.
Chinstrap,Torgersen,48.4287071636054,18.287974448945487,196.0,3503.0,FEMALE
Adelie,Dream,57.63120820375151,13.709663868256204,196.0,4079.0,FEMALE
Adelie,Biscoe,43.66980879544001,17.230074124625233,226.0,5527.0,MALE
Chinstrap,Biscoe,58.778117228288735,14.155207748204939,209.0,4330.0,FEMALE
Adelie,Biscoe,42.690015732908805,19.814643591443833,197.0,3440.0,FEMALE
Chinstrap,Torgersen,58.80006151077714,15.981813502515545,180.0,4974.0,.
Adelie,Dream,34.385519347339,19.44991563303147,194.0,6270.0,.
Gentoo,Dream,32.1643220681906,21.213094444935898,203.0,4969.0,MALE
Chinstrap,Torgersen,43.712359260863394,16.049544710641293,188.0,2717.0,FEMALE
Gentoo,Dream,42.08143701973993,16.768176436964733,206.0,5415.0,MALE
Adelie,Torgersen,51.56681903666818,21.08806433783407,207.0,4425.0,
Gentoo,Torgersen,34.20041305398047,,203.0,4359.0,
Chinstrap,Dream,50.64499020146992,18.932094176226414,198.0,3735.0,FEMALE
Adelie,Dream,57.62193177271984,20.321204003233753,210.0,5454.0,MALE
Adelie,Dream,34.51379155498069,19.573811241917795,195.0,3569.0,FEMALE
Adelie,Biscoe,53.94032833709196,20.266056508522585,200.0,5742.0,.
Gentoo,Biscoe,34.15505117176602,15.750727052648678,173.0,5676.0,MALE
Adelie,Torgersen,,14.10359629558699,221.0,5886.0,FEMALE
Gentoo,Torgersen,43.5290800888232,13.121937008888933,216.0,5358.0,FEMALE
Adelie,Biscoe,54.74197682360972,21.4023712743347,206.0,5333.0,MALE
Adelie,Dream,53.8374380538705,20.958766882200745,201.0,,MALE
Gentoo,Biscoe,47.05314745578537,15.7703111221323,217.0,5876.0,MALE
Chinstrap,Dream,49.71707053200017,20.170780872324713,,3493.0,
Adelie,Dream,41.98350177931989,14.81251715698432,218.0,5201.0,FEMALE
Adelie,Dream,34.84920299425108,14.802682688423221,173.0,4712.0,MALE
Adelie,Biscoe,53.595497044887665,14.509091723663653,205.0,4349.0,FEMALE
Gentoo,Torgersen,41.83976719399163,21.038773359510724,178.0,4090.0,
Chinstrap,Dream,34.472637238759305,16.357716434802473,182.0,4718.0,MALE
Adelie,Dream,44.456879535282056,18.422373424992653,174.0,3514.0,FEMALE
Adelie,Torgersen,40.90249813054225,19.216349008803206,200.0,4482.0,
Adelie,Torgersen,55.03295813220771,15.537581526268482,176.0,3124.0,MALE
Adelie,Dream,36.65974356367935,14.95313521113902,205.0,3912.0,FEMALE
Adelie,Biscoe,47.51859641033896,13.532889203507946,216.0,5016.0,FEMALE
Chinstrap,Dream,45.46132069705268,18.057009800307025,226.0,,MALE
Adelie,Torgersen,36.228241651489114,20.32000724240169,187.0,5879.0,.
Chinstrap,Dream,49.7312556894807,17.462816716931158,223.0,2896.0,FEMALE
Gentoo,Biscoe,46.576475718182216,14.510195925835134,193.0,4953.0,FEMALE
Gentoo,Torgersen,33.60945346997591,15.251813562892364,188.0,3023.0,FEMALE
Adelie,Biscoe,47.38849285532903,13.667329434968245,219.0,5040.0,FEMALE
Gentoo,Biscoe,45.36773995923221,15.274376488697383,222.0,4943.0,FEMALE
Adelie,Biscoe,40.17627400786297,18.818725808635655,178.0,3610.0,MALE
Gentoo,Torgersen,53.10997627207445,19.254442430263307,174.0,5823.0,
Adelie,Biscoe,44.445458381813424,16.88573155221028,208.0,4590.0,.
Adelie,Biscoe,54.2377484474626,14.971719857991616,174.0,5567.0,MALE
Adelie,Torgersen,56.64916490069634,,192.0,2892.0,FEMALE
Chinstrap,Torgersen,49.145457243829995,15.432702115724421,175.0,5565.0,MALE
Chinstrap,Torgersen,36.336849948056326,15.986098457663028,201.0,4399.0,FEMALE
Adelie,Torgersen,42.10273153470148,20.028333150298476,183.0,3978.0,MALE
Adelie,Torgersen,39.597845004124636,18.173789183500038,213.0,3915.0,FEMALE
Gentoo,Biscoe,34.564469605380275,16.901724029220325,187.0,3082.0,FEMALE
Adelie,Dream,40.1593698675012,19.342085814839688,219.0,3624.0,MALE
Adelie,Torgersen,37.78345326202851,17.212106351920664,186.0,3103.0,FEMALE
Chinstrap,Torgersen,35.566190101569525,20.18054813108368,221.0,,
Gentoo,Biscoe,57.74482695245589,18.670141920385323,231.0,3519.0,MALE
Gentoo,Dream,50.452197895074455,16.732158891533786,223.0,5519.0,MALE
Adelie,Dream,37.42381277410206,18.180201579864114,182.0,4655.0,
Adelie,Dream,57.2328134959225,13.867160706919721,229.0,3526.0,.
Adelie,Torgersen,45.87553970037519,21.220117433299055,195.0,4255.0,MALE
Adelie,Dream,51.405912001303484,14.341161839674145,185.0,5307.0,MALE
Adelie,Biscoe,42.66137055890296,17.0779806775348,186.0,5851.0,
Gentoo,Torgersen,47.99273913713344,14.37388843271728,212.0,4799.0,FEMALE
Adelie,Dream,43.02644101198375,15.581803468592248,196.0,4009.0,FEMALE
Gentoo,Biscoe,44.39035334963552,13.362723502501785,174.0,,.
Gentoo,Torgersen,,,216.0,3113.0,.
Gentoo,Torgersen,45.72604536893202,16.160574140124982,214.0,4972.0,
Adelie,Biscoe,52.782756231455096,21.095457635375148,191.0,6052.0,MALE
Gentoo,Biscoe,51.00506038216244,20.398208286626865,177.0,3632.0,MALE
Chinstrap,Dream,45.439321624192935,19.465881435101135,213.0,6155.0,FEMALE
Adelie,Torgersen,52.25112256392775,21.310277730765268,177.0,6039.0,MALE
Adelie,Biscoe,53.704491772209835,14.421691143568117,207.0,4650.0,.
Adelie,Dream,36.091226457101584,19.473337997103606,195.0,4196.0,MALE
Gentoo,Dream,34.355194149715686,16.42676518400587,221.0,3991.0,
Chinstrap,Dream,50.48711773658685,17.98885041449615,206.0,3429.0,
Adelie,Biscoe,35.58965207763126,19.0818841929445,,6215.0,FEMALE
Adelie,Torgersen,42.01078564257489,20.18913643786564,191.0,4235.0,
Chinstrap,Dream,57.657297568955826,17.98238064853753,217.0,,FEMALE
Chinstrap,Torgersen,51.362233487817484,18.537151722833638,181.0,4610.0,
Chinstrap,Dream,54.307656864062984,19.18282505365166,,2978.0,
Adelie,Biscoe,38.05843653354107,18.09291835027078,198.0,3899.0,MALE
Adelie,Dream,51.06073184352295,21.36494639908674,197.0,6097.0,MALE
Adelie,Torgersen,57.83793670631087,16.89855079349204,186.0,3297.0,
Gentoo,Dream,46.315101958786684,16.98092200582461,186.0,3203.0,FEMALE
Adelie,Dream,35.70323989893526,13.218262090072027,181.0,,MALE
Adelie,Dream,40.40665405557104,18.63140700702231,190.0,3641.0,MALE
Adelie,Biscoe,32.32530825030392,18.660038519262333,179.0,2760.0,.
Adelie,Torgersen,,14.034936862354881,218.0,5849.0,FEMALE
Adelie,Torgersen,33.450131846422295,17.24890437466438,188.0,3334.0,FEMALE
Adelie,Dream,36.62310492374932,20.434417493288073,181.0,4813.0,
Chinstrap,Biscoe,56.0178389766089,15.988134969155936,224.0,5045.0,MALE
Chinstrap,Torgersen,39.729165907787205,13.99795911105226,212.0,3553.0,MALE
Chinstrap,Dream,42.12843462700384,15.437265764353565,218.0,5185.0,MALE
Chinstrap,Dream,41.00733892008265,19.40565642482116,189.0,3600.0,FEMALE
Adelie,Torgersen,,17.690726592131952,193.0,4781.0,FEMALE
Adelie,Dream,50.30459586500311,16.882367588047046,225.0,5583.0,MALE
Adelie,Dream,36.29135249814641,16.623761212391823,206.0,3265.0,FEMALE
Adelie,Dream,51.59693191743214,14.27666610264945,186.0,5377.0,MALE
Gentoo,Dream,54.819194068587635,21.079950254876383,212.0,3970.0,FEMALE
Chinstrap,Dream,48.69743646562973,19.828194090951754,203.0,6283.0,.
Chinstrap,Biscoe,43.654357576362,20.166115903227002,,3540.0,
Adelie,Biscoe,43.551715976271296,19.19423694298828,198.0,5898.0,
Chinstrap,Dream,40.92024221233574,15.636036448626417,190.0,3902.0,
Adelie,Dream,50.111675465078214,13.846390093779071,209.0,3197.0,
Adelie,Biscoe,56.72440413729557,17.76699901327983,229.0,4272.0,MALE
Chinstrap,Torgersen,58.876756395313784,17.97681915865862,191.0,3401.0,FEMALE
Gentoo,Torgersen,41.50616645736305,13.426896590771703,194.0,,.
Chinstrap,Torgersen,58.192315504267455,14.642908189225768,185.0,2945.0,FEMALE
Chinstrap,Dream,50.447520941279436,19.979547216376925,194.0,3129.0,FEMALE
Chinstrap,Biscoe,47.88374396383398,17.731105487464887,198.0,3537.0,FEMALE
Chinstrap,Biscoe,52.311943525332104,13.703230866481203,184.0,5315.0,.
Adelie,Dream,36.81148606987304,18.523751683148006,222.0,4082.0,MALE
Gentoo,Biscoe,32.51511678480161,13.239827813496486,194.0,4026.0,.
Adelie,Torgersen,37.235282612925594,18.66414266204436,184.0,4215.0,MALE
Gentoo,Dream,49.82979969504504,17.77788895020553,182.0,2771.0,FEMALE
Chinstrap,Dream,58.11457216109346,17.93430603110044,181.0,3607.0,.
Adelie,Dream,32.96177031435944,16.264006274552365,203.0,3733.0,.
Gentoo,Biscoe,44.99141060120175,14.39068026180949,215.0,4782.0,MALE
Chinstrap,Dream,47.19002071703458,17.471258564127726,188.0,3759.0,FEMALE
Gentoo,Biscoe,46.72845796156315,14.216646211052305,217.0,4453.0,FEMALE
Adelie,Dream,,16.865741287772014,192.0,5835.0,MALE
Adelie,Biscoe,37.69052268125629,17.901247271122006,187.0,3200.0,
Gentoo,Biscoe,50.091420657540155,13.283134841495537,222.0,5951.0,MALE
Gentoo,Torgersen,49.63107066120175,17.91787626847877,194.0,3715.0,FEMALE
Adelie,Torgersen,37.68408971525071,21.174514066315155,183.0,3048.0,FEMALE
Adelie,Torgersen,51.36079513233047,16.625831809646062,228.0,3220.0,.
Adelie,Torgersen,43.641485933699855,16.311011184916623,213.0,2937.0,FEMALE
Adelie,Dream,43.81363012696433,17.88676486780178,204.0,3291.0,FEMALE
Adelie,Dream,34.091748392695266,17.124177814341987,174.0,3113.0,FEMALE
Chinstrap,Biscoe,36.89685085608733,13.450944560959897,174.0,3400.0,MALE
Adelie,Biscoe,57.65422196524075,17.299146380691734,230.0,3662.0,MALE
Gentoo,Biscoe,46.78404103013667,14.731716667124376,205.0,6014.0,FEMALE
Adelie,Biscoe,38.18167735107271,17.036154583303503,210.0,3119.0,FEMALE
Gentoo,Biscoe,42.23145575245984,13.949125396413312,175.0,4908.0,FEMALE
Gentoo,Dream,44.459131204886525,16.71687393179111,229.0,3577.0,MALE
Chinstrap,Dream,57.208760236238604,20.019311297448247,173.0,4760.0,.
Chinstrap,Biscoe,34.5435127124492,20.339547187060404,192.0,3696.0,MALE
Chinstrap,Dream,49.192928908869064,19.41692772162412,204.0,4032.0,MALE
Chinstrap,Dream,51.84296552526312,17.855059500368533,225.0,4380.0,MALE
Gentoo,Biscoe,45.937804679797765,13.855189951390965,210.0,4213.0,FEMALE
Adelie,Dream,47.03742104841531,21.06492998289289,196.0,4121.0,FEMALE
Chinstrap,Biscoe,48.19025570592267,14.82479725841044,219.0,4910.0,MALE
Adelie,Dream,37.46663972286878,18.50860855294821,192.0,3905.0,FEMALE
Adelie,Torgersen,54.72096621494445,15.220461421911173,221.0,6159.0,FEMALE
Adelie,Dream,35.78076632937283,18.019659843927773,191.0,3584.0,FEMALE
Gentoo,Torgersen,39.138501644011555,14.791254199612531,215.0,4764.0,FEMALE
Adelie,Dream,38.14718620220318,15.37684086655841,,3294.0,.
Chinstrap,Biscoe,42.00994396344849,14.30549695216213,209.0,5297.0,MALE
Adelie,Torgersen,36.28288946334966,20.40510542200388,214.0,3913.0,.
Gentoo,Biscoe,49.90344685797744,16.008317013412892,230.0,5914.0,MALE
Adelie,Dream,58.52185475663987,13.819541959267022,196.0,4106.0,FEMALE
Adelie,Biscoe,58.42623742348601,17.133757397935053,180.0,,MALE
Chinstrap,Biscoe,40.62220880989217,16.10777920016077,225.0,,
Gentoo,Dream,39.49479395093216,15.763008229130737,215.0,5063.0,MALE
Adelie,Torgersen,35.601287985683285,15.792660388997078,214.0,5034.0,.
Adelie,Biscoe,40.558084756650224,18.80788604293565,221.0,3686.0,FEMALE
Gentoo,Torgersen,38.95944859735542,16.458336027287903,220.0,5751.0,MALE
Adelie,Biscoe,48.57661016449976,13.639158094078072,172.0,5431.0,MALE
Gentoo,Torgersen,47.42905277349329,18.77149641414923,186.0,3949.0,MALE
Adelie,Dream,36.78312196435593,16.852048121204067,216.0,5975.0,FEMALE
Gentoo,Torgersen,55.03490303927625,18.705076733380047,201.0,4296.0,FEMALE
Gentoo,Torgersen,51.181777801489005,17.564014010654397,194.0,3109.0,FEMALE
Adelie,Dream,36.90618314675289,18.461775246251563,180.0,3391.0,
Adelie,Dream,41.61093917504475,17.98471328450636,190.0,3629.0,FEMALE
Adelie,Dream,39.4183829329618,18.876440885533693,182.0,3394.0,
Gentoo,Torgersen,49.28535622579978,,189.0,5879.0,MALE
Gentoo,Biscoe,43.785639063814386,14.442191060098992,209.0,4702.0,FEMALE
Chinstrap,Torgersen,35.77134370805853,15.18208182847653,176.0,5929.0,
Gentoo,Biscoe,44.75273804959925,14.014297078876583,208.0,4578.0,FEMALE
Gentoo,Dream,56.31343458932307,13.34514609393747,176.0,3273.0,MALE
Adelie,Biscoe,53.025813008199215,14.904337895807979,230.0,5552.0,FEMALE
Gentoo,Biscoe,46.31780293319517,15.046457670609758,188.0,3610.0,
Chinstrap,Dream,43.04852888697519,20.362266374465843,186.0,2707.0,MALE
Adelie,Dream,37.46113605229264,18.32110960986211,193.0,3913.0,MALE
Adelie,Dream,37.34991277376197,18.42653347024642,172.0,3256.0,FEMALE
Gentoo,Dream,34.89876886007952,21.193008875232696,195.0,4274.0,MALE
Chinstrap,Biscoe,36.429004463385155,15.92570787062819,230.0,5057.0,MALE
Chinstrap,Torgersen,39.32821262909887,14.085688622566671,222.0,4849.0,FEMALE
Gentoo,Torgersen,51.05322903126009,17.35550556083266,199.0,3625.0,FEMALE
Gentoo,Dream,52.508208324731385,17.13751406110767,198.0,3521.0,MALE
Chinstrap,Torgersen,32.901553747838555,16.109618372120817,228.0,4976.0,
Gentoo,Biscoe,46.83743102119314,13.700842527465614,209.0,4206.0,FEMALE
Chinstrap,Torgersen,56.58470114746573,15.787326912989304,224.0,5057.0,MALE
Gentoo,Torgersen,48.69124380517695,20.2719909159064,223.0,5668.0,
Gentoo,Dream,33.591384313145475,16.33852333170887,225.0,6000.0,FEMALE
Gentoo,Biscoe,33.29473105675602,16.32594589734589,185.0,5020.0,
Gentoo,Biscoe,51.40419676539479,17.20667390211433,192.0,5437.0,MALE
Chinstrap,Dream,48.90949964880518,18.36886351916945,195.0,3640.0,MALE
Adelie,Biscoe,40.405869036638116,20.05264504580264,222.0,,
Adelie,Dream,38.996017067458375,18.631077861221485,192.0,4247.0,MALE
Adelie,Biscoe,34.63543769282706,21.167134837575837,213.0,6200.0,FEMALE
Gentoo,Biscoe,,17.81586478600266,224.0,4372.0,MALE
Gentoo,Biscoe,44.92956725496886,15.000627482063573,219.0,5065.0,FEMALE
Adelie,Biscoe,58.44594883286124,13.443972684644741,217.0,5371.0,.
Chinstrap,Biscoe,44.67962679914725,19.129929129018937,193.0,3437.0,FEMALE
Gentoo,Biscoe,48.127115034934214,15.570386234982367,221.0,5383.0,FEMALE
Gentoo,Dream,,14.249068872786884,219.0,4309.0,MALE
Chinstrap,Torgersen,58.181822623577474,15.080907800146598,208.0,2723.0,.
Adelie,Dream,32.79437457733281,13.660772294307954,191.0,5206.0,
Gentoo,Biscoe,44.338999405715505,15.249760546662479,216.0,4368.0,FEMALE
Adelie,Dream,35.54083932355959,18.12437200206469,191.0,3743.0,FEMALE
Chinstrap,Dream,45.26407465655088,21.438936466962087,208.0,4198.0,.
Gentoo,Torgersen,56.40803561558537,13.271724556124482,208.0,2780.0,FEMALE
Gentoo,Biscoe,49.70702623491919,15.142551639899185,217.0,4808.0,FEMALE
Adelie,Dream,52.3920387756094,18.937671188313473,192.0,3338.0,
Adelie,Dream,52.71198227372015,21.223838921813293,199.0,5176.0,.
Gentoo,Biscoe,46.877077410081434,14.57065582682776,230.0,4571.0,
Gentoo,Biscoe,37.470448494610196,14.079351732909046,192.0,5051.0,
Gentoo,Dream,44.758394144090175,20.111966155921845,192.0,3842.0,FEMALE
Gentoo,Biscoe,45.2111974184518,14.743110271677214,211.0,4839.0,FEMALE
Adelie,Biscoe,59.04809461254277,13.933508523633447,211.0,4824.0,FEMALE
Chinstrap,Torgersen,35.98533284859549,20.552387211421888,173.0,5567.0,MALE
Chinstrap,Dream,36.88804364921564,15.748201788652729,230.0,5866.0,.
Chinstrap,Torgersen,48.31268029110001,18.509807181836862,207.0,4559.0,.
Gentoo,Dream,45.00928222395641,14.776900244198723,211.0,4767.0,FEMALE
Gentoo,Biscoe,41.156284126424495,19.965540988772446,209.0,,.
Gentoo,Dream,59.39556033528647,16.438459188028684,208.0,3509.0,FEMALE
Chinstrap,Dream,56.572331772768216,14.574849490289289,176.0,4904.0,FEMALE
Gentoo,Dream,41.25335375884344,21.065146885754483,219.0,3937.0,FEMALE
Adelie,Torgersen,33.47533095772211,18.138259515841643,184.0,3611.0,FEMALE
Gentoo,Biscoe,43.350207268006045,13.861435680248135,225.0,3660.0,.
Chinstrap,Torgersen,,18.42704356065953,228.0,2876.0,.
Gentoo,Torgersen,43.7969294569203,14.844686077103104,177.0,6221.0,MALE
Chinstrap,Dream,50.32488167291465,19.82206525895794,225.0,5750.0,
Chinstrap,Dream,54.19022865950001,19.230097757177813,212.0,2701.0,
Gentoo,Biscoe,45.65733970541701,13.395873160302882,197.0,4646.0,FEMALE
Gentoo,Biscoe,47.1465521543056,13.912925978975183,198.0,2813.0,FEMALE
Gentoo,Biscoe,53.141356707454925,15.83719035807894,194.0,5554.0,MALE
Adelie,Torgersen,34.03610060515418,14.232675573135156,213.0,3552.0,MALE
Gentoo,Biscoe,46.96380160899877,15.47188950801782,229.0,5400.0,
Adelie,Torgersen,36.310605793447934,16.126066452490015,193.0,4561.0,.
Gentoo,Biscoe,50.85635418602337,15.890606038967633,220.0,5534.0,MALE
Chinstrap,Dream,48.775066117782586,17.71232290875651,211.0,3032.0,FEMALE
Chinstrap,Dream,46.244746467493435,16.926697681784667,191.0,3545.0,FEMALE
Adelie,Torgersen,53.86616844411406,18.849188162143577,229.0,3562.0,MALE
Gentoo,Dream,54.176349688098284,19.238008149346914,222.0,6267.0,FEMALE
Adelie,Torgersen,,18.717858983992475,186.0,3829.0,MALE
Chinstrap,Torgersen,51.39940902096651,20.153206056618163,229.0,3651.0,MALE
Adelie,Biscoe,38.17456581159491,16.884404060605668,184.0,3133.0,FEMALE
Adelie,Torgersen,42.40126756875736,18.934812881291734,209.0,3604.0,MALE
Adelie,Torgersen,36.03707212677378,17.223292860265335,191.0,3583.0,FEMALE
Chinstrap,Dream,39.96113452622464,19.18189602921686,199.0,4646.0,MALE
Adelie,Torgersen,38.52612273682436,13.14541844505004,225.0,2904.0,FEMALE
Adelie,Torgersen,44.683138937049705,18.750103993378726,189.0,3567.0,FEMALE
Chinstrap,Dream,45.831720645800694,18.805386217628463,174.0,5099.0,MALE
Chinstrap,Torgersen,54.66531776989529,20.346631060987324,209.0,5689.0,
Adelie,Biscoe,38.44118493844668,17.92434321523515,185.0,3688.0,.
Adelie,Torgersen,38.1316891326082,17.625806080818627,212.0,3500.0,FEMALE
Adelie,Dream,34.914670259241284,17.267547354152796,203.0,5870.0,FEMALE
Adelie,Dream,45.12247266244109,17.955890911606588,214.0,4483.0,MALE
Adelie,Torgersen,33.683130661605404,14.707441549716624,209.0,5295.0,
Gentoo,Torgersen,52.76964001076418,18.172731949447233,214.0,4505.0,
Chinstrap,Torgersen,42.57392558256139,18.079674579451655,198.0,4473.0,
Chinstrap,Dream,42.591203650425214,15.586742117495058,221.0,5031.0,FEMALE
Adelie,Dream,56.9947776339025,14.430560578039499,205.0,4645.0,
Chinstrap,Dream,54.855072678568696,19.32754469193629,,3628.0,FEMALE
Adelie,Biscoe,49.076668467879955,13.876817791536915,211.0,5836.0,.
Gentoo,Dream,46.37719435060172,16.409036724696822,214.0,5176.0,
Gentoo,Dream,42.79257736071206,14.997198598323305,200.0,2855.0,FEMALE
Gentoo,Dream,53.399189556595836,17.975466782431845,206.0,6277.0,MALE
Gentoo,Biscoe,47.06175534619183,15.707394963085934,189.0,3766.0,.
Adelie,Biscoe,39.81391464649606,17.597415250741996,191.0,3895.0,MALE
Gentoo,Dream,54.742384070677346,18.31010726743142,224.0,6145.0,
Gentoo,Biscoe,43.969429880076156,13.948891015996963,217.0,4936.0,FEMALE
Adelie,Dream,38.06456489726454,14.416392187671786,193.0,4493.0,FEMALE
Adelie,Dream,47.395945214726346,17.46305157327623,195.0,3084.0,FEMALE
Chinstrap,Biscoe,49.53847822570222,15.571775518545541,196.0,5568.0,MALE
Chinstrap,Biscoe,50.83030148377665,20.477275763172912,208.0,,FEMALE
Gentoo,Torgersen,38.68427892563906,16.424827954303623,181.0,2945.0,FEMALE
Chinstrap,Torgersen,35.024775046802276,15.17038321463007,180.0,5146.0,FEMALE
Chinstrap,Biscoe,47.10370206242809,18.17645389669019,180.0,3566.0,FEMALE
Gentoo,Biscoe,40.074094165705,19.22705047376587,173.0,5777.0,MALE
Chinstrap,Dream,47.11072018612514,16.600501776023954,188.0,3620.0,FEMALE
Adelie,Torgersen,59.424735242438516,19.192853951356074,203.0,4766.0,MALE
Gentoo,Torgersen,57.78638386374095,19.17132041704971,199.0,5023.0,
Adelie,Torgersen,35.96409491797637,19.601576174500593,195.0,4315.0,MALE
Adelie,Torgersen,34.18863505019318,13.982758439427991,177.0,6058.0,
Gentoo,Torgersen,,14.289927235194668,200.0,5074.0,
Chinstrap,Biscoe,41.43004758037092,20.865917583937442,178.0,4823.0,MALE
Adelie,Dream,35.11005026830363,18.4108947736436,194.0,4208.0,MALE
Adelie,Biscoe,38.675406896241284,18.75852507614664,195.0,2928.0,
Gentoo,Dream,46.46129695557747,20.73602771816033,202.0,4426.0,
Gentoo,Biscoe,45.51534730428388,15.007220245696718,215.0,4760.0,FEMALE
Adelie,Biscoe,57.47627157561676,16.527006690405535,201.0,3873.0,.
Chinstrap,Dream,57.935643251381954,14.717915287581985,185.0,4675.0,FEMALE
Chinstrap,Dream,50.07859192967552,18.489273690768023,218.0,5587.0,FEMALE
Gentoo,Biscoe,43.16138124495857,14.840328286825915,181.0,4297.0,FEMALE
Chinstrap,Dream,45.75964817576091,17.328914460273204,190.0,2958.0,FEMALE
Adelie,Dream,45.14347701352951,20.26876660511499,196.0,4652.0,MALE
Adelie,Torgersen,59.46397317451724,19.145162490440686,,5378.0,FEMALE
Chinstrap,Dream,51.27407697133785,21.060277403683905,203.0,3913.0,
Adelie,Biscoe,35.7664528346265,19.21357897474424,189.0,3865.0,
Gentoo,Biscoe,54.88622063587853,17.831521161068697,201.0,4234.0,MALE
Gentoo,Biscoe,50.27197165314686,14.456452507392154,208.0,4787.0,FEMALE
Adelie,Biscoe,37.72852980153614,18.606566741798904,185.0,4211.0,MALE
Adelie,Biscoe,41.476667045738125,16.09924990840982,195.0,4088.0,
Gentoo,Biscoe,59.44706159299398,15.120982571985888,224.0,4654.0,FEMALE
Gentoo,Biscoe,,19.038226055179116,198.0,5281.0,MALE
Adelie,Torgersen,35.92166910220547,17.242905854015184,186.0,3052.0,FEMALE
Chinstrap,Dream,41.310440845005985,19.745659191157888,214.0,3701.0,FEMALE
Gentoo,Dream,54.67765278460288,18.197459696876464,193.0,3113.0,FEMALE
Adelie,Biscoe,40.76980343628706,18.79466440337428,176.0,4889.0,FEMALE
Chinstrap,Dream,50.13098673150185,19.40296321253394,197.0,3551.0,MALE
Gentoo,Torgersen,53.31070909109923,13.882055176420721,174.0,4551.0,FEMALE
Chinstrap,Torgersen,35.62826783959067,15.014476390584637,179.0,5186.0,FEMALE
Chinstrap,Torgersen,42.99396080181408,18.87724296564403,205.0,3770.0,MALE
Adelie,Biscoe,34.761662807830064,17.08594503730483,231.0,5643.0,MALE
Adelie,Dream,45.04650664524376,13.389977239705313,173.0,6008.0,FEMALE
Chinstrap,Dream,58.36141510863488,14.751120432158142,190.0,3834.0,
Adelie,Biscoe,41.41400075714824,13.7550092402537,176.0,4726.0,
Chinstrap,Dream,45.484634094778535,16.827376300302223,212.0,5760.0,.
Gentoo,Biscoe,47.267213663183874,13.66407908578579,212.0,4829.0,FEMALE
Adelie,Biscoe,47.83923807380903,17.760963669180946,218.0,,FEMALE
Adelie,Dream,37.168824893410516,16.462160749893705,223.0,5376.0,.
Gentoo,Dream,44.516434572509375,14.455193117179357,209.0,4145.0,FEMALE
Chinstrap,Biscoe,36.11401323592722,13.452206471513062,176.0,5571.0,MALE
Chinstrap,Dream,47.173083418951826,18.690828094298183,177.0,3928.0,MALE
Adelie,Dream,42.718496311622154,18.234338782010738,197.0,4108.0,MALE
Adelie,Torgersen,54.20799049202123,16.248164777823117,198.0,6107.0,MALE
Chinstrap,Torgersen,40.44670301557999,16.85769973144725,,2774.0,FEMALE
Gentoo,Biscoe,,17.093770948269494,181.0,2714.0,FEMALE
Adelie,Dream,55.9689733078792,14.923166098285463,228.0,5503.0,MALE
Chinstrap,Torgersen,44.51539407316586,18.59255075222255,209.0,5136.0,
Adelie,Biscoe,49.07833187501597,15.020940112004899,194.0,4899.0,MALE
Adelie,Biscoe,44.48870083180533,18.235027931409817,198.0,3554.0,FEMALE
Adelie,Biscoe,55.439694830156334,15.354349633639307,173.0,5037.0,.
Adelie,Dream,40.10113421121969,19.980088194023875,190.0,3909.0,MALE
Chinstrap,Dream,40.44696171578251,20.978437421628087,188.0,5183.0,.
Adelie,Dream,42.95347325129081,15.297284114814692,182.0,4999.0,FEMALE
Adelie,Biscoe,40.63596980500552,18.95307473483466,221.0,3386.0,MALE
Adelie,Dream,57.13158734762036,21.391802988544274,182.0,3629.0,
Gentoo,Torgersen,52.27641882510215,14.562070207127944,198.0,4249.0,.
Gentoo,Biscoe,47.140110618723504,16.409799286337638,215.0,5149.0,FEMALE
Gentoo,Dream,44.6443836666902,14.090850551715622,190.0,2857.0,.
Gentoo,Biscoe,32.10987877997187,14.101422746905795,208.0,6019.0,FEMALE
Adelie,Dream,47.732553952358785,19.454335035004345,194.0,4187.0,MALE
Adelie,Torgersen,37.63389376984971,15.526993559674718,188.0,2977.0,FEMALE
Adelie,Dream,38.43166632667323,16.62850091419462,187.0,2969.0,FEMALE
Gentoo,Biscoe,49.78136646185141,14.15010627183939,231.0,2703.0,.
Adelie,Biscoe,32.35711359083143,15.817806839466334,211.0,5049.0,MALE
Gentoo,Biscoe,37.7545376742665,15.055596363379852,216.0,5614.0,MALE
Adelie,Torgersen,36.69861821009059,16.197054141055844,230.0,5669.0,MALE
Adelie,Dream,38.91886084083506,15.584661756982472,,3359.0,
Chinstrap,Dream,51.52896682983944,18.741407348785646,184.0,4594.0,.
Chinstrap,Biscoe,41.67896398314212,13.250869870696468,213.0,3163.0,MALE
Gentoo,Dream,54.59807982117417,18.308368783163104,211.0,3959.0,MALE
Chinstrap,Dream,45.125884303795154,19.721844203025366,206.0,3976.0,MALE
Adelie,Torgersen,42.12736898070184,20.23708376779336,175.0,2947.0,
Adelie,Torgersen,36.13854941079627,16.82393615144656,191.0,2978.0,.
Chinstrap,Dream,48.54245335560781,18.341485549356875,207.0,3742.0,MALE
Gentoo,Torgersen,48.09938409644815,21.202370924284036,190.0,5559.0,MALE
Chinstrap,Biscoe,52.97806263149084,20.42731456283325,182.0,5512.0,MALE
Gentoo,Biscoe,48.59030870933915,14.504486532299296,199.0,5518.0,FEMALE
Gentoo,Torgersen,47.36604810437701,16.14228346192982,189.0,4481.0,MALE
Gentoo,Biscoe,50.77366789969186,16.118515184450548,,2843.0,.
Chinstrap,Dream,43.31505420761414,18.121467808499933,204.0,3525.0,FEMALE
Chinstrap,Dream,58.084303556956534,17.929708179951106,218.0,,MALE
Adelie,Dream,,19.866189446941497,176.0,3602.0,MALE
Chinstrap,Biscoe,41.65030778830647,16.201240776252973,220.0,,.
Gentoo,Biscoe,46.95603665975015,13.683261105233607,227.0,4034.0,FEMALE
Adelie,Dream,33.909350700668675,14.99568450133462,227.0,6133.0,FEMALE
Gentoo,Dream,42.05890319869223,14.771617356337751,224.0,5933.0,MALE
Gentoo,Biscoe,44.13793031817618,,184.0,4649.0,
Chinstrap,Torgersen,44.875206838824866,19.3901860685611,227.0,3482.0,MALE
Chinstrap,Biscoe,47.802204894549355,17.95767552649952,198.0,3618.0,FEMALE
Gentoo,Biscoe,52.78860155574113,15.879598440622354,218.0,3342.0,
Chinstrap,Torgersen,36.406821489346484,19.263764211443817,183.0,2763.0,
Chinstrap,Torgersen,48.62825572838244,17.090933316727774,191.0,3730.0,MALE
Gentoo,Biscoe,55.58214154012861,20.444404784423977,207.0,6271.0,
Gentoo,Torgersen,,15.75210005445425,224.0,5327.0,MALE
Chinstrap,Torgersen,56.95066533037669,14.64724713057793,186.0,4647.0,
Gentoo,Torgersen,38.17781859048945,13.978596016899807,210.0,3422.0,MALE
Adelie,Dream,42.48231861925148,14.913201003414338,199.0,3102.0,
Adelie,Biscoe,55.11870837732252,15.154210994980597,224.0,5838.0,
Gentoo,Torgersen,50.17063977653332,13.19549882340969,183.0,6024.0,.
Adelie,Dream,43.680509525982956,19.806384598770496,208.0,4466.0,FEMALE
Chinstrap,Biscoe,52.22582830144112,16.4533512832256,224.0,3632.0,FEMALE
Chinstrap,Dream,54.216264080376035,17.54166071850042,187.0,,
Gentoo,Biscoe,45.086615338326034,14.376983111729706,213.0,4783.0,FEMALE
Gentoo,Biscoe,44.982727053954726,13.559260842879521,230.0,3877.0,FEMALE
Chinstrap,Biscoe,37.52978140229479,13.604126687829796,209.0,4437.0,
Adelie,Dream,36.3045535316139,16.597260858677327,199.0,3242.0,FEMALE
Chinstrap,Biscoe,57.41186105412683,19.86750544887741,220.0,2888.0,
Chinstrap,Dream,46.42368503471978,16.794828524689617,179.0,3256.0,FEMALE
Chinstrap,Dream,35.85124819382456,19.9729449194064,173.0,4751.0,MALE
Adelie,Dream,36.665922628952444,17.818168153317362,222.0,3348.0,FEMALE
Chinstrap,Dream,46.13048662942607,,218.0,3372.0,.
Chinstrap,Biscoe,44.878303525853674,13.958351425553849,222.0,4257.0,MALE
Adelie,Dream,39.62247037086787,16.620722180936653,224.0,3799.0,FEMALE
Gentoo,Biscoe,49.90661895316098,16.04189282681387,172.0,2856.0,.
Adelie,Torgersen,42.82021090629955,19.86892640922243,181.0,6191.0,.
Adelie,Biscoe,39.35583408794715,18.813951114225905,184.0,3927.0,.
Adelie,Torgersen,42.49249968404044,20.21267707275781,188.0,3271.0,
Chinstrap,Dream,,14.863733687209017,221.0,5288.0,MALE
Gentoo,Biscoe,46.79627541740673,14.251245706794842,188.0,4081.0,
Adelie,Torgersen,42.81902858906293,19.063036318839057,219.0,5873.0,MALE
Gentoo,Biscoe,51.963476027931044,15.200627981413101,220.0,5493.0,MALE
Gentoo,Biscoe,43.648318244553344,14.316545979387957,199.0,4666.0,FEMALE
Chinstrap,Torgersen,33.15550602137926,17.655365669834506,210.0,6086.0,
Gentoo,Biscoe,42.31861018140066,13.96804706070953,,5867.0,FEMALE
Adelie,Biscoe,54.440941794733384,14.014396821028825,188.0,4622.0,FEMALE
Adelie,Torgersen,34.098489668354645,18.238406389767817,181.0,4755.0,FEMALE
Gentoo,Dream,45.76351888864938,18.529894973147503,210.0,3332.0,
Gentoo,Torgersen,48.79603029630058,17.04041022017127,187.0,3173.0,FEMALE
Chinstrap,Dream,45.11084861247492,18.05910033777472,226.0,3571.0,FEMALE
Chinstrap,Biscoe,59.1012923460002,20.843041683794883,204.0,5616.0,MALE
Gentoo,Biscoe,57.51452098386864,18.72012276001236,189.0,3502.0,.
Chinstrap,Biscoe,42.00500486850926,13.421446183005735,176.0,3093.0,MALE
Adelie,Dream,40.35253434584654,17.55861961857159,191.0,3635.0,FEMALE
Adelie,Biscoe,44.06111360372973,13.213113431572856,201.0,4506.0,FEMALE
Adelie,Torgersen,34.32576133728225,18.384780451251338,180.0,3441.0,FEMALE
Chinstrap,Biscoe,38.98569289297431,18.855618196981666,189.0,3916.0,MALE
Adelie,Torgersen,36.635520166399914,19.747372798485134,195.0,3479.0,FEMALE
Chinstrap,Dream,51.03187210687141,18.424415213246967,199.0,3475.0,FEMALE
Gentoo,Torgersen,49.46476552049886,15.469113769951754,213.0,4886.0,FEMALE
Gentoo,Torgersen,49.349661159422965,17.130278983839997,223.0,5684.0,
Adelie,Torgersen,44.68980402598744,18.59866139863224,197.0,4215.0,FEMALE
Gentoo,Biscoe,41.32115430912457,,189.0,5050.0,.
Chinstrap,Dream,32.74822301735923,16.856979405010996,199.0,2949.0,FEMALE
Gentoo,Dream,35.78249577607445,21.380233602400605,198.0,4465.0,MALE
Gentoo,Dream,59.2701235254948,19.514605874345715,175.0,4276.0,MALE
Adelie,Dream,35.16949874198171,17.17078729152379,191.0,3055.0,FEMALE
Gentoo,Biscoe,41.39774314300936,19.240743323149434,211.0,2854.0,
Adelie,Dream,37.985121528946536,18.41671760720819,179.0,3510.0,FEMALE
Adelie,Biscoe,41.70302081353759,21.239141767822037,191.0,3923.0,MALE
Chinstrap,Dream,47.391143464828716,19.640733859016493,186.0,3921.0,MALE
Gentoo,Torgersen,34.69011227577308,15.897211436884145,172.0,6014.0,MALE
Adelie,Torgersen,41.78075229693464,18.64469554898808,195.0,4390.0,
Gentoo,Biscoe,46.2027917502287,13.313365109042492,214.0,4961.0,
Chinstrap,Dream,50.698390124548396,19.03054349523061,200.0,3860.0,MALE
Chinstrap,Dream,41.149722252236316,17.76432280921275,209.0,4072.0,MALE
Adelie,Dream,56.019823104413625,15.162645441586797,192.0,4826.0,FEMALE
Gentoo,Torgersen,48.74029362631222,13.152309834314723,200.0,4665.0,FEMALE
Adelie,Biscoe,37.947336118008984,21.03517212814115,218.0,3176.0,.
Gentoo,Torgersen,53.11467019280818,14.13731566380742,208.0,4594.0,FEMALE
Chinstrap,Biscoe,41.388431425018254,14.55105909861673,190.0,4719.0,FEMALE
Adelie,Torgersen,53.97456469718026,13.662722434208767,196.0,2772.0,MALE
Gentoo,Torgersen,41.16868863379383,15.374811440906393,179.0,5620.0,MALE
Adelie,Biscoe,37.64874507782516,18.71843759993457,179.0,3011.0,
Adelie,Dream,37.31432514850735,20.477292837741114,200.0,3697.0,.
Adelie,Dream,38.02020540765489,18.28094919401733,191.0,,.
Chinstrap,Biscoe,33.94234930882234,20.58522986264955,191.0,3628.0,MALE
Gentoo,Dream,58.95400497676245,19.49809593506602,190.0,3810.0,MALE
Gentoo,Dream,36.56743969041639,17.404357451553945,185.0,3785.0,MALE
Gentoo,Biscoe,49.86496987080388,16.24183164958352,216.0,4880.0,
Chinstrap,Dream,44.69988779271862,,196.0,,
Chinstrap,Dream,45.045391800692634,16.852734139206397,196.0,3531.0,FEMALE
Adelie,Dream,40.74832643057241,17.310044583139863,191.0,3895.0,FEMALE
Gentoo,Biscoe,43.81477189052722,13.823833718545522,,3875.0,FEMALE
Chinstrap,Dream,53.51422497923827,,183.0,5902.0,MALE
Chinstrap,Dream,46.71231707251916,18.5625227668288,177.0,3878.0,MALE
Adelie,Biscoe,32.830641730277215,13.690041289497923,187.0,3286.0,
Adelie,Dream,42.289856190711454,20.980967044872116,225.0,4998.0,.
Adelie,Biscoe,53.59756676701764,21.267353231117674,208.0,5466.0,MALE
Chinstrap,Biscoe,32.65469270530688,15.800385350147225,,5408.0,MALE
Chinstrap,Dream,45.54550660619932,16.986351068172137,180.0,4719.0,FEMALE
Adelie,Torgersen,48.30874395972561,19.179540168041115,195.0,6020.0,FEMALE
Gentoo,Torgersen,51.751849481152384,14.455868989863855,176.0,5330.0,
Gentoo,Biscoe,43.61123094488919,14.479078941726613,210.0,4820.0,.
Adelie,Torgersen,41.21461499567697,16.734383295656723,178.0,3395.0,FEMALE
Gentoo,Biscoe,36.44097120478403,21.331767763580274,174.0,4279.0,.
Gentoo,Torgersen,44.058418905107025,15.170409116465594,217.0,4815.0,FEMALE
Gentoo,Biscoe,43.62446316034848,14.766925014177437,195.0,4966.0,
Gentoo,Biscoe,32.912710902790884,14.15939968114711,219.0,4355.0,FEMALE
Adelie,Dream,50.16685801144293,16.916773735275825,185.0,3360.0,
Adelie,Dream,39.89385528088415,21.205959299592397,,5705.0,.
Gentoo,Biscoe,40.83682955834384,13.737478056140091,209.0,4188.0,FEMALE
Gentoo,Torgersen,51.99991516728495,14.642728415217679,191.0,4747.0,FEMALE
Adelie,Dream,51.92077267616811,14.337402844762643,,5813.0,FEMALE
Chinstrap,Dream,47.88048346599326,16.1051451221405,222.0,6119.0,MALE
Adelie,Dream,34.430206495260116,14.795407574776299,188.0,2825.0,FEMALE
Adelie,Dream,57.287580243144106,13.465414986767993,212.0,3485.0,MALE
Chinstrap,Dream,48.121574911235506,17.63816903462521,187.0,3815.0,MALE
Adelie,Biscoe,37.68280539781209,17.20161427615594,174.0,3121.0,FEMALE
Chinstrap,Torgersen,32.51275458463554,14.55681232246701,209.0,4723.0,FEMALE
Adelie,Dream,52.37466332395631,15.48466789572541,219.0,5550.0,MALE
Gentoo,Biscoe,40.42205808233534,13.692817074420763,195.0,3274.0,.
Chinstrap,Dream,57.70407051851308,20.32066169627275,200.0,3668.0,MALE
Adelie,Biscoe,40.38512684899328,17.88417538136092,180.0,3876.0,MALE
Adelie,Torgersen,42.37335219392612,18.89055957032893,209.0,3645.0,MALE
Adelie,Dream,51.19674943510603,18.896779361250314,196.0,3630.0,MALE
Gentoo,Torgersen,48.613901379246705,13.503676475751137,186.0,,.
Adelie,Dream,36.94938852839915,17.252820192568993,184.0,3053.0,FEMALE
Gentoo,Torgersen,44.56637814078094,13.806475505445292,196.0,3943.0,FEMALE
Adelie,Torgersen,34.66727594220555,16.67878304957457,186.0,3245.0,FEMALE
Chinstrap,Biscoe,49.543657718079544,18.02404934985773,191.0,6036.0,.
Chinstrap,Torgersen,56.495186552936964,20.736945507512004,173.0,4328.0,MALE
Chinstrap,Torgersen,56.394885422425595,19.78769550314521,230.0,4938.0,.
Chinstrap,Dream,44.48383224883495,17.179282161277175,191.0,3440.0,MALE
Adelie,Torgersen,36.28161956060461,19.22968393329331,209.0,4105.0,MALE
Adelie,Dream,39.82870560553032,18.742297521262635,187.0,4176.0,MALE
Adelie,Torgersen,54.09956704766825,16.306087467441476,184.0,2754.0,
Chinstrap,Dream,52.55057745375122,15.039425065720428,178.0,2715.0,.
Gentoo,Biscoe,44.062067984247385,,230.0,2874.0,
Adelie,Dream,39.97476243722065,18.93751873313297,182.0,5130.0,.
Adelie,Biscoe,42.03669465607729,19.219709250555177,176.0,2956.0,MALE
Gentoo,Torgersen,49.63346915943674,16.96961840399494,185.0,3340.0,FEMALE
Gentoo,Torgersen,36.62089564418723,16.225379331661916,218.0,3992.0,MALE
Gentoo,Torgersen,52.87000786715579,13.622046774512963,209.0,4644.0,FEMALE
Gentoo,Dream,57.4837304812668,14.320079070878526,215.0,2752.0,FEMALE
Adelie,Torgersen,33.92901918722823,21.434280842046654,175.0,6092.0,.
Chinstrap,Torgersen,33.70635117314537,17.533444028102323,194.0,3553.0,MALE
Adelie,Dream,38.17985110220318,18.222484458388507,193.0,4373.0,MALE
Chinstrap,Biscoe,47.08365134332533,13.118287645475203,217.0,5127.0,FEMALE
Gentoo,Dream,42.32349662578498,17.776351170554733,183.0,3653.0,FEMALE
Chinstrap,Torgersen,46.46502635596838,19.58615209793408,199.0,4849.0,.
Adelie,Dream,41.324638166485826,18.003165712924215,187.0,4113.0,.
Chinstrap,Dream,41.070722571459406,15.714079203885415,174.0,3877.0,FEMALE
Adelie,Biscoe,39.15268167359524,20.94749854688199,178.0,3184.0,.
Adelie,Biscoe,36.10178954662296,18.082018741261766,178.0,3794.0,FEMALE
Chinstrap,Biscoe,47.8356709622227,17.61804125425669,177.0,5544.0,.
Gentoo,Dream,52.43533939143487,20.418721539589278,189.0,6004.0,.
Adelie,Dream,40.88470330378059,18.4112057210975,214.0,4548.0,
Adelie,Dream,51.084413275878454,13.935114321859812,189.0,4379.0,FEMALE
Chinstrap,Torgersen,34.010612572010245,16.411872873208452,186.0,5740.0,MALE
Gentoo,Torgersen,43.402719342290816,14.922022792750898,226.0,5419.0,MALE
Adelie,Torgersen,35.11976766701042,19.68788776249216,175.0,3598.0,FEMALE
Adelie,Dream,41.64254763596408,17.788548738185376,211.0,2963.0,FEMALE
Adelie,Biscoe,38.406479105548904,17.95409475784123,192.0,3533.0,FEMALE
Chinstrap,Biscoe,54.168465739455115,17.449744265238586,193.0,3151.0,FEMALE
Gentoo,Torgersen,53.25897794474482,19.16402145373928,215.0,3431.0,MALE
Adelie,Dream,57.17179023322178,13.704337518630997,227.0,4098.0,FEMALE
Adelie,Biscoe,34.966403463837786,16.318557834724793,197.0,4752.0,MALE
Gentoo,Dream,39.23178931921694,15.975318323050265,,5667.0,MALE
Adelie,Torgersen,56.92836190999932,17.496800173731714,187.0,,
Chinstrap,Dream,42.60235123881364,17.781565611007103,187.0,3028.0,.
Gentoo,Biscoe,44.71338906415152,16.35674479475308,,4916.0,
Adelie,Dream,39.81482232983485,18.875690064470646,185.0,3445.0,FEMALE
Gentoo,Torgersen,38.44219677835044,13.92061500067479,197.0,5048.0,
Chinstrap,Dream,52.31927010226742,17.8855035228975,194.0,3904.0,MALE
Chinstrap,Dream,49.30416314459072,17.914829183945482,193.0,4332.0,
Adelie,Biscoe,55.866082986710346,20.887050211490752,179.0,5507.0,MALE
Gentoo,Torgersen,34.68150399915173,13.474691826511235,182.0,5952.0,FEMALE
Adelie,Biscoe,51.835472737369834,,189.0,5780.0,MALE
Adelie,Torgersen,38.230154696845766,13.395770937499204,215.0,6011.0,FEMALE
Chinstrap,Biscoe,42.5938342186295,13.528936811913386,208.0,4193.0,FEMALE
Gentoo,Biscoe,56.18467090998024,16.967075528776487,220.0,4159.0,FEMALE
Gentoo,Dream,48.54014397927899,21.438635836043815,192.0,5570.0,MALE
Gentoo,Dream,48.53773680647742,20.485899003291404,183.0,3590.0,MALE
Adelie,Dream,43.00341979458796,21.447041555733257,193.0,6293.0,FEMALE
Adelie,Dream,59.50935498078973,13.692787637763875,212.0,2876.0,MALE
Chinstrap,Dream,50.77382018640696,20.328396512612844,220.0,5744.0,.
Gentoo,Dream,49.27402783762876,17.72173910531021,203.0,5322.0,FEMALE
Chinstrap,Torgersen,39.94316062390076,14.358341402716045,179.0,2773.0,.
Gentoo,Torgersen,,,198.0,4814.0,
Adelie,Dream,35.14620194035502,13.1572802439552,180.0,,.
Gentoo,Biscoe,51.71557405392135,14.630046881591529,210.0,4774.0,FEMALE
Chinstrap,Dream,50.0352349737455,18.345677742284728,198.0,3641.0,MALE
Gentoo,Torgersen,52.948929121017294,18.29966274416778,202.0,5000.0,.
Adelie,Dream,33.480327506165864,15.425624903051101,193.0,3269.0,
Chinstrap,Dream,,18.5928790953311,184.0,3897.0,MALE
Chinstrap,Torgersen,53.62511291771981,17.707414365014447,180.0,6111.0,
Gentoo,Dream,51.543059609924065,20.446949515312618,231.0,4956.0,MALE
Gentoo,Torgersen,38.681684100167075,16.04642159704612,188.0,3446.0,FEMALE
Chinstrap,Dream,50.910692994337374,19.576124241196702,202.0,4025.0,MALE
Adelie,Torgersen,34.80967921586243,14.678024800205266,209.0,5312.0,
Gentoo,Biscoe,50.52020741955885,15.751075141244826,224.0,5298.0,MALE
Gentoo,Biscoe,49.8669138809952,18.03290941171168,227.0,3447.0,FEMALE
Gentoo,Biscoe,51.97384323693936,,221.0,,
Adelie,Dream,39.441817642274785,18.042292342331766,193.0,3348.0,FEMALE
Chinstrap,Dream,45.99071594613595,18.660430701954837,190.0,5018.0,.
Chinstrap,Dream,42.93889425447381,17.706548444208014,183.0,3775.0,FEMALE
Gentoo,Biscoe,44.19283646802356,14.37171327476886,,,FEMALE
Gentoo,Biscoe,57.29402734273571,16.822714303303524,210.0,3813.0,
Gentoo,Biscoe,50.601648529272744,15.83531263108816,223.0,5518.0,FEMALE
Chinstrap,Dream,54.54707226549322,17.364419385162115,228.0,3064.0,FEMALE
Gentoo,Dream,54.13964003523988,13.20852503721623,210.0,2727.0,FEMALE
Adelie,Dream,37.660984722423784,19.229277262596817,194.0,3512.0,
Gentoo,Torgersen,49.106968173087836,,182.0,3349.0,
Adelie,Dream,44.76318807617708,19.936952008819382,219.0,,
Gentoo,Biscoe,32.82120757941457,13.452136852085754,,5265.0,FEMALE
Gentoo,Dream,,19.072201975887577,223.0,5532.0,
Gentoo,Torgersen,43.358204424018226,19.98130574489617,206.0,4121.0,MALE
Chinstrap,Biscoe,53.00222968139131,18.772861530553612,210.0,3775.0,MALE
Adelie,Torgersen,34.399918336811744,16.6027046447686,218.0,3799.0,FEMALE
Chinstrap,Dream,42.73645365304736,17.646139977335164,190.0,3363.0,FEMALE
Adelie,Biscoe,54.529319131826895,14.050830525852348,212.0,4594.0,FEMALE
Gentoo,Biscoe,42.90749229922089,13.55737041278544,211.0,3366.0,
Gentoo,Biscoe,48.950128865151605,14.005009779129365,228.0,4488.0,FEMALE
Chinstrap,Torgersen,43.572918017387146,20.503317091206878,203.0,3112.0,FEMALE
Adelie,Dream,41.32966053675821,18.79669631305126,186.0,3939.0,MALE
Adelie,Torgersen,36.28619148932766,19.006585295209227,189.0,5776.0,MALE
Chinstrap,Biscoe,59.50950225765976,21.077080648701426,228.0,6127.0,MALE
Gentoo,Biscoe,44.57446438120799,16.241365065742833,191.0,3407.0,FEMALE
Adelie,Biscoe,36.85878020603983,16.594163624509598,191.0,2927.0,FEMALE
Adelie,Dream,41.34633163569512,21.386248208629407,225.0,3908.0,MALE
Adelie,Dream,39.0402692356041,15.210202580757224,196.0,5440.0,MALE
Chinstrap,Dream,52.46237869275112,20.422384640835265,215.0,3886.0,.
Chinstrap,Biscoe,56.8209783470532,17.5790538124218,215.0,3301.0,FEMALE
Adelie,Biscoe,35.48320355009399,18.124097214461145,186.0,3190.0,FEMALE
Chinstrap,Dream,48.76241999989541,20.139887866821375,202.0,6254.0,.
Adelie,Dream,40.462030869026286,18.091766868033048,189.0,3402.0,FEMALE
Adelie,Torgersen,37.73575434972431,15.249940481009405,192.0,3745.0,.
Adelie,Torgersen,41.40248188943765,18.32050365436159,204.0,3861.0,MALE
Gentoo,Biscoe,43.66926766664422,13.953351978542765,210.0,4523.0,FEMALE
Chinstrap,Dream,59.48894696752367,14.474237563095611,212.0,5881.0,MALE
Adelie,Dream,36.83087969211892,17.041404683355097,227.0,5839.0,.
Chinstrap,Torgersen,43.206072051448835,17.864404853898915,201.0,4628.0,
Gentoo,Biscoe,43.68703643283725,21.236971134683447,172.0,4318.0,
Adelie,Biscoe,37.26288835346014,16.797293601986812,190.0,2940.0,FEMALE
Chinstrap,Dream,57.99034033691434,15.279608325756511,220.0,2960.0,FEMALE
Adelie,Dream,39.02910856897764,18.06628815626742,186.0,3122.0,FEMALE
Chinstrap,Dream,57.09803541297746,20.467606856562455,191.0,3658.0,MALE
Chinstrap,Biscoe,45.14876849653251,13.24227295396078,227.0,,.
Adelie,Torgersen,43.27611753218346,18.791939022286687,174.0,5084.0,MALE
Gentoo,Biscoe,56.67275238267049,17.367797799567697,,3484.0,FEMALE
Chinstrap,Torgersen,33.384883721613456,17.508090994836323,201.0,3485.0,FEMALE
Adelie,Torgersen,39.4144458727365,18.14922038471405,185.0,3485.0,MALE
Gentoo,Dream,43.69791006350903,16.822449532660098,,,MALE
Adelie,Biscoe,42.49094933857758,17.01926403461263,213.0,3411.0,
Gentoo,Biscoe,50.367570462739934,17.44449803872573,185.0,3308.0,FEMALE
Gentoo,Torgersen,32.8439790840069,18.557963838888078,177.0,3243.0,
Gentoo,Torgersen,33.751629437526454,15.877651407388754,209.0,5394.0,MALE
Adelie,Biscoe,44.88288172050576,14.955414551654671,192.0,4785.0,FEMALE
Gentoo,Torgersen,40.957452495633056,15.53207582293667,178.0,5635.0,MALE
Chinstrap,Biscoe,52.181421115512826,13.548419176978168,203.0,,FEMALE
Adelie,Dream,47.96222691086859,18.379611765770317,223.0,,
Chinstrap,Torgersen,47.58385846800917,16.258694404002537,184.0,5723.0,.
Adelie,Biscoe,39.29370832869983,21.021715830561345,192.0,3784.0,FEMALE
Gentoo,Dream,57.01325407546348,14.186204143865927,198.0,5914.0,FEMALE
Gentoo,Torgersen,48.302303749351736,20.86381441440103,187.0,3621.0,FEMALE
Chinstrap,Dream,39.110988553891275,18.778494860776274,231.0,4684.0,MALE
Adelie,Biscoe,42.73271688349662,18.4683968694048,194.0,4346.0,MALE
Chinstrap,Biscoe,43.442063831536764,19.545874734227827,218.0,5010.0,MALE
Adelie,Dream,36.61626585300795,20.474271553838715,182.0,4689.0,.
Chinstrap,Dream,49.61211472038985,17.59710391455237,208.0,3044.0,FEMALE
Adelie,Biscoe,33.00697858861725,13.938133290815504,209.0,2753.0,.
Gentoo,Torgersen,50.99514213883389,17.591347362090737,201.0,3635.0,FEMALE
Gentoo,Biscoe,49.30851420584225,16.86398589191336,177.0,3898.0,
Adelie,Dream,40.15625675203975,18.727593717758285,196.0,3464.0,FEMALE
Gentoo,Dream,46.01746660064128,,,,
Gentoo,Torgersen,45.36214582193394,20.075688016960925,196.0,4602.0,MALE
Gentoo,Dream,36.3875859296719,17.613023840072554,200.0,3738.0,FEMALE
Adelie,Dream,53.73876463119996,,179.0,4440.0,MALE
Adelie,Torgersen,40.843493909505376,18.28633469884354,228.0,4557.0,.
Adelie,Biscoe,59.15296289351028,16.993053474297515,226.0,5514.0,MALE
Chinstrap,Dream,46.81729038098177,18.548589906660663,188.0,3713.0,MALE
Adelie,Biscoe,35.758336629256455,18.706384268619217,206.0,3604.0,MALE
Adelie,Biscoe,44.77964222295076,20.239959124400144,197.0,4223.0,MALE
Chinstrap,Dream,48.368724843782616,16.817953813555338,172.0,2994.0,
Adelie,Biscoe,42.05518712020727,19.49074860822861,198.0,4389.0,.
Gentoo,Biscoe,47.93746078366666,14.28785207339949,185.0,4349.0,FEMALE
Gentoo,Dream,42.65263791196086,18.13312339316275,193.0,4124.0,MALE
Adelie,Torgersen,51.67120436532904,18.676264494178156,196.0,3602.0,FEMALE
Chinstrap,Dream,50.83920361910292,17.159070853784666,207.0,5736.0,FEMALE
Adelie,Dream,51.74439269099633,17.62322747364783,228.0,3450.0,.
Chinstrap,Dream,54.335650767116036,19.014978439489905,206.0,3598.0,MALE
Adelie,Dream,35.963404639224045,13.44411935804631,,5384.0,FEMALE
Chinstrap,Dream,36.98554380885637,14.069511507498738,187.0,4337.0,
Gentoo,Torgersen,43.55084147158718,,183.0,5718.0,MALE
Chinstrap,Dream,50.77996755240762,20.956680354389967,184.0,4620.0,FEMALE
Chinstrap,Dream,45.884768796462524,18.119058052865956,175.0,3756.0,FEMALE
Gentoo,Biscoe,43.27850642804545,15.214745788987868,197.0,5489.0,MALE
Adelie,Biscoe,,15.45691940982588,,3296.0,
Chinstrap,Dream,38.14392367108508,,182.0,4642.0,MALE
Chinstrap,Torgersen,38.94166529676357,21.20280994368647,191.0,4273.0,.
Chinstrap,Dream,45.176902462079674,17.76815669141652,226.0,,MALE
Adelie,Torgersen,52.83012728196698,14.658979017105908,175.0,2797.0,
Chinstrap,Biscoe,51.026930845968,20.6511995561763,181.0,3597.0,MALE
Gentoo,Dream,48.29948532252231,20.035338410384675,215.0,3199.0,FEMALE
Chinstrap,Torgersen,35.91535298979293,14.925464567864898,198.0,5489.0,MALE
Gentoo,Dream,42.50805980231594,17.908617629836066,181.0,3767.0,FEMALE
Chinstrap,Torgersen,46.806585764570514,20.41413951166828,196.0,4591.0,FEMALE
Gentoo,Biscoe,33.7685046624285,16.26339880205112,216.0,4652.0,
Adelie,Torgersen,46.857270812479236,21.251853851314912,217.0,3249.0,
Chinstrap,Dream,48.347239232594696,18.17375643513575,216.0,3443.0,FEMALE
Chinstrap,Biscoe,48.26995399280514,17.29135964911016,173.0,2918.0,FEMALE
Adelie,Dream,38.086010803555595,18.978617056728414,184.0,3822.0,MALE
Adelie,Torgersen,35.6626635695416,14.43313651296912,177.0,5245.0,
Gentoo,Torgersen,35.71486036654853,14.461236785828293,214.0,5407.0,FEMALE
Adelie,Biscoe,33.33861354877849,13.703521642408706,206.0,4601.0,FEMALE
Chinstrap,Biscoe,32.248519106000835,19.27346783355197,190.0,5146.0,
Adelie,Biscoe,42.87165893491931,19.41316487289682,195.0,4091.0,MALE
Gentoo,Dream,,18.910908971305584,213.0,3351.0,
Gentoo,Biscoe,35.57384889289493,14.628142016792129,196.0,4222.0,FEMALE
Adelie,Dream,36.71809441575891,19.51310329610104,187.0,3861.0,MALE
Adelie,Dream,58.85145398955391,13.885764230265115,212.0,4683.0,FEMALE
Adelie,Torgersen,54.117373811029765,18.837707869496256,177.0,4971.0,FEMALE
Adelie,Biscoe,32.402601189455716,18.693108198125937,220.0,3714.0,FEMALE
Chinstrap,Torgersen,57.74754970259351,13.330095317620534,195.0,5153.0,FEMALE
Gentoo,Torgersen,55.008667759662366,15.19127977461161,220.0,5573.0,FEMALE
Gentoo,Torgersen,,,,,
Chinstrap,Torgersen,58.90521104289368,15.640341846115714,216.0,5527.0,MALE
Gentoo,Dream,38.91082308582131,18.437554046992226,195.0,3638.0,MALE
Adelie,Biscoe,41.011258246755524,18.07675371626835,194.0,3350.0,FEMALE
Adelie,Biscoe,47.65667253187529,15.91077307654153,214.0,5680.0,MALE
Gentoo,Dream,34.640698653894006,15.258807733424158,228.0,5161.0,MALE
Adelie,Torgersen,,17.55080283346442,175.0,3347.0,MALE
Adelie,Dream,36.581342661671236,15.110101203197374,184.0,4276.0,FEMALE
Gentoo,Biscoe,49.43092074042223,16.215810283109306,216.0,5482.0,MALE
Gentoo,Biscoe,49.56720092194316,15.024619876851773,189.0,4962.0,MALE
Chinstrap,Dream,45.604832410701206,16.56645654081805,176.0,3947.0,FEMALE
Gentoo,Dream,45.55488203150128,14.491354391294877,175.0,5268.0,
Adelie,Biscoe,38.128126954456356,20.99959946009348,190.0,3899.0,FEMALE
Gentoo,Biscoe,48.68137292069876,16.245589217793505,190.0,5893.0,MALE
Adelie,Torgersen,56.90264581503973,13.288500929754017,227.0,5728.0,FEMALE
Adelie,Biscoe,55.098883033374136,14.831611211582532,227.0,5503.0,MALE
Chinstrap,Torgersen,56.79732564943442,19.55727777727846,193.0,4675.0,MALE
Gentoo,Biscoe,43.57185238962303,14.158702843498732,187.0,5753.0,MALE
Chinstrap,Torgersen,36.831643259853834,20.757025180582755,192.0,3872.0,
Adelie,Biscoe,33.09797227164494,19.739332935962636,220.0,3861.0,MALE
Adelie,Dream,35.75451796304909,17.88115429664295,204.0,3439.0,FEMALE
Chinstrap,Dream,57.20764655916569,21.180165712789165,175.0,6226.0,FEMALE
Adelie,Dream,41.273429162973216,20.369484947184752,191.0,4556.0,MALE
Chinstrap,Torgersen,47.64424082691478,21.42627468374893,187.0,5344.0,FEMALE
Chinstrap,Dream,57.339992121522805,18.09974025990103,183.0,3729.0,FEMALE
Gentoo,Biscoe,45.21683079473676,14.763325096397258,215.0,4116.0,.
Gentoo,Biscoe,45.481931507899255,13.946381513590193,206.0,5174.0,
Gentoo,Torgersen,52.93292229090595,18.876635534853587,228.0,5366.0,
Chinstrap,Dream,54.13023241497779,13.740703295125364,177.0,5011.0,FEMALE
Gentoo,Biscoe,46.713266187416906,14.832315232317752,214.0,4859.0,FEMALE
Chinstrap,Torgersen,52.758776431955525,15.303544102087095,211.0,4559.0,FEMALE
Adelie,Torgersen,33.536824455984735,14.478310148811277,216.0,3346.0,.
Adelie,Dream,32.410441417992935,17.889771008798718,194.0,4060.0,
Gentoo,Biscoe,49.49908070079363,15.817702934391061,,4423.0,.
Gentoo,Biscoe,43.19149950931829,14.33345131970415,190.0,4080.0,
Gentoo,Biscoe,45.935807930486476,15.224509123928677,212.0,3769.0,.
Adelie,Biscoe,44.436628211013726,17.177851108107756,190.0,3963.0,
Chinstrap,Biscoe,54.68114772894826,19.758724559844868,207.0,3836.0,MALE
Gentoo,Dream,40.20208978424018,15.770065965540965,185.0,3503.0,FEMALE
Gentoo,Dream,42.02272089043505,16.564671223338568,189.0,3333.0,FEMALE
Chinstrap,Biscoe,35.4484181217501,15.292949566062914,187.0,6283.0,MALE
Gentoo,Torgersen,40.84229831009309,15.32635245421026,210.0,4410.0,FEMALE
Adelie,Dream,39.21828636204808,18.201025156067594,212.0,3823.0,MALE
Adelie,Dream,38.052118130408886,14.591704754477952,229.0,3034.0,MALE
Chinstrap,Dream,51.331844250707064,19.50516779175811,201.0,4053.0,MALE
Chinstrap,Biscoe,51.00254988846829,18.991445644916034,203.0,5001.0,
Gentoo,Dream,35.37616888387684,17.39770604195416,192.0,4368.0,MALE
Gentoo,Biscoe,45.03776609729991,13.444665484302815,211.0,3230.0,MALE
Gentoo,Dream,43.462643739088215,18.735295493219823,221.0,4572.0,MALE
Chinstrap,Biscoe,34.20558793307339,20.611085226954494,190.0,4760.0,.
Chinstrap,Biscoe,33.11150075419518,16.016318565203804,214.0,5846.0,MALE
Gentoo,Torgersen,50.91913909665708,14.462206297952449,195.0,4920.0,FEMALE
Gentoo,Biscoe,50.611143523594315,20.475188429460708,220.0,6077.0,
Gentoo,Torgersen,37.65766618923472,13.89004810206572,208.0,2804.0,.
Adelie,Torgersen,49.867073233936495,17.124196541652886,182.0,2809.0,FEMALE
Chinstrap,Torgersen,39.53728397925709,,191.0,6048.0,.
Gentoo,Biscoe,46.386660942141404,15.270560120291222,216.0,4373.0,FEMALE
Gentoo,Biscoe,47.22927640742259,14.8841403639323,220.0,5282.0,MALE
Adelie,Biscoe,51.540062419362634,17.714802428521654,183.0,3616.0,FEMALE
Gentoo,Torgersen,56.66967344906343,15.325742483253874,221.0,5289.0,FEMALE
Chinstrap,Dream,41.05666006974929,19.764435252542103,183.0,3467.0,FEMALE
Gentoo,Biscoe,49.60709791080618,15.953905181867906,214.0,4923.0,MALE
Chinstrap,Dream,46.05373084384587,17.191633575177452,187.0,3712.0,FEMALE
Chinstrap,Biscoe,58.67882013415097,20.96321574787474,209.0,3903.0,FEMALE
Chinstrap,Dream,53.88018776523956,20.151792382747143,191.0,5895.0,.
Adelie,Torgersen,35.97840546661896,18.075911227791828,178.0,6160.0,MALE
Adelie,Torgersen,32.43934211861858,16.906193903334863,213.0,3093.0,FEMALE
Adelie,Torgersen,52.755216048957976,13.170480126291713,174.0,4674.0,FEMALE
Gentoo,Dream,51.083892088625205,14.992322316340502,195.0,6204.0,MALE
Gentoo,Torgersen,35.082160506929206,14.449245600861454,226.0,4946.0,FEMALE
Gentoo,Biscoe,48.30806191416623,15.843951569504853,215.0,5595.0,MALE
Adelie,Biscoe,52.290031441092026,15.82713658260759,177.0,4804.0,MALE
Adelie,Torgersen,33.70643279542748,16.513244008566723,191.0,2911.0,FEMALE
Gentoo,Dream,47.33292188504613,19.856103683887273,181.0,3249.0,
Chinstrap,Dream,45.75051796614315,19.404894174617763,222.0,3465.0,FEMALE
Chinstrap,Torgersen,32.92208279626467,15.126515174622826,180.0,2874.0,FEMALE
Adelie,Torgersen,57.703201487952704,13.134331500712259,181.0,6000.0,FEMALE
Gentoo,Biscoe,43.72907872890232,14.76385743807024,208.0,4330.0,FEMALE
Adelie,Dream,41.931347593818145,18.553209378883786,199.0,4441.0,MALE
Gentoo,Biscoe,43.92770863030156,13.833192506181183,196.0,2911.0,MALE
Adelie,Torgersen,42.07215021005157,20.009160977923287,177.0,5811.0,
Gentoo,Torgersen,53.83310515202412,18.675831154685977,185.0,2786.0,
Chinstrap,Biscoe,56.48248856285745,20.83323001719007,198.0,6037.0,FEMALE
Chinstrap,Biscoe,43.13749237943758,17.445023171737578,198.0,4735.0,MALE
Gentoo,Biscoe,51.25708163826192,15.786443958643577,216.0,5026.0,.
Chinstrap,Biscoe,47.27493456644918,18.025002228857478,198.0,3916.0,FEMALE
Adelie,Torgersen,34.973226563392224,14.73486100718425,228.0,4973.0,FEMALE
Adelie,Biscoe,39.37751002124334,17.366240311310687,185.0,3434.0,FEMALE
Chinstrap,Torgersen,58.43236245814644,17.821921643101597,172.0,,MALE
Adelie,Biscoe,42.04969948901033,19.488156700584003,205.0,5547.0,MALE
Adelie,Torgersen,53.21423804684089,15.219045315830964,206.0,5909.0,.
Gentoo,Biscoe,48.236312108750234,13.878764243442843,219.0,5006.0,
Gentoo,Biscoe,45.03147812105166,18.35473572820295,191.0,4110.0,MALE
Adelie,Biscoe,,16.06815460705095,193.0,3451.0,FEMALE
Adelie,Biscoe,35.22102966274746,17.907427209649793,195.0,4302.0,
Adelie,Dream,38.276930586238045,18.749256532626294,192.0,3653.0,MALE
Adelie,Dream,56.014815718459545,14.266741501515634,208.0,5448.0,
Gentoo,Torgersen,53.15230077154354,18.039786928428942,193.0,3420.0,FEMALE
Gentoo,Torgersen,37.46324477956677,16.096485375552813,230.0,5428.0,MALE
Adelie,Torgersen,52.10686662006946,14.203287758601135,222.0,4383.0,FEMALE
Adelie,Dream,34.818825327590304,19.614068243216312,195.0,3462.0,FEMALE
Gentoo,Biscoe,48.28775456291598,15.205666546160828,219.0,5557.0,MALE
Gentoo,Biscoe,43.88443653422692,14.002049048300863,218.0,5229.0,
Gentoo,Dream,50.33586406025569,15.060076337980862,226.0,6200.0,MALE
Gentoo,Dream,45.419410027397156,,187.0,5828.0,MALE
Chinstrap,Biscoe,39.60188686358344,18.714150838617023,192.0,4656.0,MALE
Chinstrap,Torgersen,39.96690810818241,,183.0,4470.0,
Adelie,Torgersen,34.03019586225271,19.38474786613053,195.0,3478.0,MALE
Chinstrap,Biscoe,46.53200692493718,14.150735152136505,217.0,4982.0,
Gentoo,Biscoe,41.75344018023792,13.389078931260656,207.0,4403.0,MALE
Gentoo,Biscoe,46.867442940690076,13.156119408677897,174.0,5265.0,FEMALE
Adelie,Dream,37.647126123488995,19.181368352613624,200.0,3905.0,MALE
Gentoo,Biscoe,50.910997405540506,,190.0,,.
Adelie,Biscoe,57.6502550813647,16.768331017887597,205.0,6204.0,FEMALE
Adelie,Dream,40.041886715796174,16.810062303835746,191.0,2825.0,FEMALE
Gentoo,Dream,32.49844419895145,16.123835120168305,221.0,4453.0,MALE
Adelie,Torgersen,38.54340237079458,17.886700822878915,179.0,3881.0,MALE
Chinstrap,Biscoe,57.13475971649268,,201.0,3108.0,.
Adelie,Biscoe,47.95274900186702,15.818881343801293,215.0,5605.0,MALE
Chinstrap,Torgersen,55.94288552147037,15.80495640530076,179.0,4322.0,
Chinstrap,Torgersen,,18.339685501634055,172.0,3316.0,FEMALE
Gentoo,Biscoe,49.945375008115896,16.584278094573143,212.0,5699.0,MALE
